<?xml version="1.0" encoding="UTF-8"?>
<GenRun Id="synth_1" LaunchPart="xc7vx485tffg1157-1" LaunchTime="1688582100">
  <File Type="PA-TCL" Name="Project_digital.tcl"/>
  <File Type="REPORTS-TCL" Name="Project_digital_reports.tcl"/>
  <File Type="RDS-RDS" Name="Project_digital.vds"/>
  <File Type="RDS-DCP" Name="Project_digital.dcp"/>
  <FileSet Name="sources" Type="DesignSrcs" RelSrcDir="$PSRCDIR/sources_1">
    <Filter Type="Srcs"/>
    <File Path="$PSRCDIR/sources_1/new/Seven_Seg.vhd">
      <FileInfo>
        <Attr Name="ImportPath" Val="$PPRDIR/../project_digital/project_digital.srcs/sources_1/new/Seven_Seg.vhd"/>
        <Attr Name="ImportTime" Val="1657389907"/>
        <Attr Name="UsedIn" Val="synthesis"/>
        <Attr Name="UsedIn" Val="simulation"/>
      </FileInfo>
    </File>
    <File Path="$PSRCDIR/sources_1/new/Project_digital.vhd">
      <FileInfo>
        <Attr Name="ImportPath" Val="$PPRDIR/../project_digital/project_digital.srcs/sources_1/new/Project_digital.vhd"/>
        <Attr Name="ImportTime" Val="1688582097"/>
        <Attr Name="UsedIn" Val="synthesis"/>
        <Attr Name="UsedIn" Val="simulation"/>
      </FileInfo>
    </File>
    <Config>
      <Option Name="DesignMode" Val="RTL"/>
      <Option Name="TopModule" Val="Project_digital"/>
      <Option Name="TopAutoSet" Val="TRUE"/>
    </Config>
  </FileSet>
  <FileSet Name="constrs_in" Type="Constrs" RelSrcDir="$PSRCDIR/constrs_1">
    <Filter Type="Constrs"/>
    <Config>
      <Option Name="ConstrsType" Val="XDC"/>
    </Config>
  </FileSet>
  <FileSet Name="utils" Type="Utils" RelSrcDir="$PSRCDIR/utils_1">
    <Filter Type="Utils"/>
    <Config>
      <Option Name="TopAutoSet" Val="TRUE"/>
    </Config>
  </FileSet>
  <Strategy Version="1" Minor="2">
    <StratHandle Name="Vivado Synthesis Defaults" Flow="Vivado Synthesis 2019"/>
    <Step Id="synth_design"/>
  </Strategy>
</GenRun>
